URL,Version,Status,OIDs,Name,Title,Description,Uses,Used,Sources
http://hl7.org/fhir/ValueSet/FHIR-version,5.0.0,active,"2.16.840.1.113883.4.642.3.1309",FHIRVersion,FHIRVersion,"All published FHIR Versions.","StructureDefinition/tk-api-instance,StructureDefinition/tk-api-specification-capability","hl7.fhir.r5.core"
http://hl7.org/fhir/ValueSet/address-type,5.0.0,active,"2.16.840.1.113883.4.642.3.69",AddressType,AddressType,"The type of an address (physical / postal).","StructureDefinition/IneraPatient","hl7.fhir.r5.core"
http://hl7.org/fhir/ValueSet/address-use,5.0.0,active,"2.16.840.1.113883.4.642.3.67",AddressUse,AddressUse,"The use of an address.","StructureDefinition/IneraPatient","hl7.fhir.r5.core"
http://hl7.org/fhir/ValueSet/administrative-gender,5.0.0,active,"2.16.840.1.113883.4.642.3.1",AdministrativeGender,AdministrativeGender,"The gender of a person used for administrative purposes.","StructureDefinition/IneraPatient","hl7.fhir.r5.core"
http://hl7.org/fhir/ValueSet/all-languages,5.0.0,active,"2.16.840.1.113883.4.642.3.21",AllLanguages,All Languages,"This value set includes all possible codes from BCP-47 (see http://tools.ietf.org/html/bcp47)","StructureDefinition/tk-endpoint,StructureDefinition/tk-api-instance,StructureDefinition/tk-api-specification-capability,StructureDefinition/tk-provenance,StructureDefinition/tk-organization,StructureDefinition/IneraPatient,StructureDefinition/tk-administrator-role","Other"
http://hl7.org/fhir/ValueSet/c80-practice-codes,5.0.0,active,"2.16.840.1.113883.4.642.2.134,2.16.840.1.113883.3.88.12.80.72",PracticeSettingCodeValueSet,Practice Setting Code Value Set,"This is the code representing the clinical specialty of the clinician or provider who    interacted with, treated, or provided a service to/for the patient. The value set used    for clinical specialty has been limited by HITSP to the value set reproduced from HITSP    C80 Table 2-149 Clinical Specialty Value Set Definition.","StructureDefinition/tk-administrator-role","SCT"
http://hl7.org/fhir/ValueSet/capability-format-type,5.0.0,active,"2.16.840.1.113883.4.642.3.2987",CapabilityFormatType,Capability Format Type,"Common format types for FHIR.","StructureDefinition/tk-api-instance,StructureDefinition/tk-api-specification-capability","hl7.fhir.r5.core,Other"
http://hl7.org/fhir/ValueSet/capability-statement-kind,5.0.0,active,"2.16.840.1.113883.4.642.3.188,2.16.840.1.113883.4.642.3.198",CapabilityStatementKind,Capability Statement Kind,"How a capability statement is intended to be used.","StructureDefinition/tk-api-instance,StructureDefinition/tk-api-specification-capability","hl7.fhir.r5.core"
http://hl7.org/fhir/ValueSet/conditional-delete-status,5.0.0,active,"2.16.840.1.113883.4.642.3.194,2.16.840.1.113883.4.642.2.91,2.16.840.1.113883.4.642.3.184",ConditionalDeleteStatus,Conditional Delete Status,"A code that indicates how the server supports conditional delete.","StructureDefinition/tk-api-instance,StructureDefinition/tk-api-specification-capability","hl7.fhir.r5.core"
http://hl7.org/fhir/ValueSet/conditional-read-status,5.0.0,active,"2.16.840.1.113883.4.642.3.200,2.16.840.1.113883.4.642.3.190",ConditionalReadStatus,Conditional Read Status,"A code that indicates how the server supports conditional read.","StructureDefinition/tk-api-instance,StructureDefinition/tk-api-specification-capability","hl7.fhir.r5.core"
http://hl7.org/fhir/ValueSet/document-mode,5.0.0,active,"2.16.840.1.113883.4.642.2.87,2.16.840.1.113883.4.642.3.186,2.16.840.1.113883.4.642.3.176",DocumentMode,Document Mode,"Whether the application produces or consumes documents.","StructureDefinition/tk-api-instance,StructureDefinition/tk-api-specification-capability","hl7.fhir.r5.core"
http://hl7.org/fhir/ValueSet/endpoint-connection-type,5.0.0,draft,"2.16.840.1.113883.4.642.3.498,2.16.840.1.113883.4.642.3.491",EndpointConnectionType,Endpoint Connection Type,"This is an example value set defined by the FHIR project, that could be used to represent possible connection type profile values.","StructureDefinition/tk-endpoint","THO"
http://hl7.org/fhir/ValueSet/endpoint-environment,5.0.0,draft,"2.16.840.1.113883.4.642.3.3184",EndpointEnvironment,Endpoint Environment,"The environment type of the endpoint.","StructureDefinition/tk-endpoint","hl7.fhir.r5.core"
http://hl7.org/fhir/ValueSet/endpoint-payload-type,5.0.0,draft,"2.16.840.1.113883.4.642.3.496,2.16.840.1.113883.4.642.3.489",EndpointPayloadType,Endpoint Payload Type,"This is an example value set defined by the FHIR project, that could be used to represent possible payload document types.","StructureDefinition/tk-endpoint","THO"
http://hl7.org/fhir/ValueSet/endpoint-status,5.0.0,draft,"2.16.840.1.113883.4.642.3.487,2.16.840.1.113883.4.642.3.494",EndpointStatus,Endpoint Status,"The status of the endpoint.","StructureDefinition/tk-endpoint","hl7.fhir.r5.core"
http://hl7.org/fhir/ValueSet/event-capability-mode,5.0.0,active,"2.16.840.1.113883.4.642.3.182,2.16.840.1.113883.4.642.3.172",EventCapabilityMode,Event Capability Mode,"The mode of a message capability statement.","StructureDefinition/tk-api-instance,StructureDefinition/tk-api-specification-capability","hl7.fhir.r5.core"
http://hl7.org/fhir/ValueSet/identifier-type,5.0.0,active,"2.16.840.1.113883.4.642.3.45",IdentifierTypeCodes,Identifier Type Codes,"A coded type for an identifier that can be used to determine which identifier to use for a specific purpose.","StructureDefinition/tk-endpoint,StructureDefinition/tk-organization,StructureDefinition/IneraPatient","THO (V2)"
http://hl7.org/fhir/ValueSet/identifier-use,5.0.0,active,"2.16.840.1.113883.4.642.3.57",IdentifierUse,IdentifierUse,"Identifies the purpose for this identifier, if known .","StructureDefinition/tk-endpoint,StructureDefinition/tk-organization,StructureDefinition/IneraPatient","hl7.fhir.r5.core"
http://hl7.org/fhir/ValueSet/jurisdiction,5.0.0,draft,"2.16.840.1.113883.4.642.3.48",JurisdictionValueSet,Jurisdiction ValueSet,"This value set defines a base set of codes for country, country subdivision and region    for indicating where a resource is intended to be used.             Note: The codes for countries and country subdivisions are taken from    [ISO 3166](https://www.iso.org/iso-3166-country-codes.html)    while the codes for ""supra-national"" regions are from    [UN Standard country or area codes for statistical use (M49)](http://unstats.un.org/unsd/methods/m49/m49.htm).","StructureDefinition/tk-api-instance,StructureDefinition/tk-api-specification-capability","Other"
http://hl7.org/fhir/ValueSet/languages,5.0.0,active,"2.16.840.1.113883.4.642.3.891,2.16.840.1.113883.4.642.3.20",CommonLanguages,Common Languages,"This value set includes common codes from BCP-47 (see http://tools.ietf.org/html/bcp47)","StructureDefinition/tk-endpoint,StructureDefinition/tk-api-instance,StructureDefinition/tk-api-specification-capability,StructureDefinition/tk-provenance,StructureDefinition/tk-organization,StructureDefinition/IneraPatient,StructureDefinition/tk-administrator-role","Other"
http://hl7.org/fhir/ValueSet/link-type,5.0.0,active,"2.16.840.1.113883.4.642.2.234,2.16.840.1.113883.4.642.3.423,2.16.840.1.113883.4.642.3.412",LinkType,Link Type,"The type of link between this Patient resource and another Patient/RelatedPerson resource.","StructureDefinition/IneraPatient","hl7.fhir.r5.core"
http://hl7.org/fhir/ValueSet/marital-status,5.0.0,active,"2.16.840.1.113883.4.642.3.29",MaritalStatusCodes,Marital Status Codes,"This value set defines the set of codes that can be used to indicate the marital status of a person.","StructureDefinition/IneraPatient","THO (V3)"
http://hl7.org/fhir/ValueSet/message-transport,5.0.0,active,"2.16.840.1.113883.4.642.2.86,2.16.840.1.113883.4.642.3.184,2.16.840.1.113883.4.642.3.174",MessageTransport,Message Transport,"The protocol used for message transport.","StructureDefinition/tk-api-instance,StructureDefinition/tk-api-specification-capability","hl7.fhir.r5.core"
http://hl7.org/fhir/ValueSet/mimetypes,5.0.0,active,"2.16.840.1.113883.4.642.3.1024",MimeTypes,Mime Types,"This value set includes all possible codes from BCP-13 (see http://tools.ietf.org/html/bcp13)","StructureDefinition/tk-endpoint,StructureDefinition/tk-api-instance,StructureDefinition/tk-api-specification-capability","Other"
http://hl7.org/fhir/ValueSet/name-use,5.0.0,active,"2.16.840.1.113883.4.642.3.65",NameUse,NameUse,"The use of a human name.","StructureDefinition/IneraPatient","hl7.fhir.r5.core"
http://hl7.org/fhir/ValueSet/organization-type,5.0.0,draft,"2.16.840.1.113883.4.642.2.228,2.16.840.1.113883.4.642.3.414,2.16.840.1.113883.4.642.3.403",OrganizationType,Organization Type,"This example value set defines a set of codes that can be used to indicate a type of organization.","StructureDefinition/tk-organization","THO"
http://hl7.org/fhir/ValueSet/participation-role-type,5.0.0,draft,"2.16.840.1.113883.4.642.3.54",ParticipationRoleType,Participation Role Type,"This FHIR value set is comprised of Actor participation Type codes, which can be used to value FHIR agents, actors, and other role elements. The codes are intended to express how the agent participated in some activity. Sometimes refered to the agent functional-role relative to the activity.","StructureDefinition/tk-provenance","THO,DICOM"
http://hl7.org/fhir/ValueSet/patient-contactrelationship,5.0.0,active,"2.16.840.1.113883.4.642.3.1130",PatientContactRelationship,Patient Contact Relationship ,"The nature of the relationship between the patient and the contact person.","StructureDefinition/IneraPatient","THO (V2)"
http://hl7.org/fhir/ValueSet/provenance-activity-type,5.0.0,draft,"2.16.840.1.113883.4.642.3.429,2.16.840.1.113883.4.642.3.438",ProvenanceActivityType,ValueSet of sample of representative activity type codes.,"Some potential code systems are: - [v3-DocumentCompletion](http://terminology.hl7.org/3.0.0/CodeSystem-v3-DocumentCompletion.html) - [v3-DataOperation](http://terminology.hl7.org/3.0.0/CodeSystem-v3-DataOperation.html) - [v3-ActCode](http://hl7.org/fhir/v3/ActCode/cs.html) - [ISO Lifecycle](http://terminology.hl7.org/CodeSystem/iso-21089-lifecycle)","StructureDefinition/tk-provenance","THO"
http://hl7.org/fhir/ValueSet/provenance-entity-role,5.0.0,draft,"2.16.840.1.113883.4.642.3.436,2.16.840.1.113883.4.642.2.247,2.16.840.1.113883.4.642.3.427",ProvenanceEntityRole,Provenance Entity Role,"How an entity was used in an activity.","StructureDefinition/tk-provenance","hl7.fhir.r5.core"
http://hl7.org/fhir/ValueSet/publication-status,5.0.0,active,"2.16.840.1.113883.4.642.3.3",PublicationStatus,PublicationStatus,"The lifecycle status of an artifact.","StructureDefinition/tk-api-instance,StructureDefinition/tk-api-specification-capability","hl7.fhir.r5.core"
http://hl7.org/fhir/ValueSet/reference-handling-policy,5.0.0,active,"2.16.840.1.113883.4.642.3.202,2.16.840.1.113883.4.642.3.192",ReferenceHandlingPolicy,Reference Handling Policy,"A set of flags that defines how references are supported.","StructureDefinition/tk-api-instance,StructureDefinition/tk-api-specification-capability","hl7.fhir.r5.core"
http://hl7.org/fhir/ValueSet/resource-types,5.0.0,active,"2.16.840.1.113883.4.642.3.27",ResourceType,Resource Types,"Concrete FHIR Resource Types","StructureDefinition/tk-api-instance,StructureDefinition/tk-api-specification-capability","hl7.fhir.r5.core"
http://hl7.org/fhir/ValueSet/restful-capability-mode,5.0.0,active,"2.16.840.1.113883.4.642.3.166,2.16.840.1.113883.4.642.3.176",RestfulCapabilityMode,Restful Capability Mode,"The mode of a RESTful capability statement.","StructureDefinition/tk-api-instance,StructureDefinition/tk-api-specification-capability","hl7.fhir.r5.core"
http://hl7.org/fhir/ValueSet/restful-security-service,5.0.0,active,"2.16.840.1.113883.4.642.3.168,2.16.840.1.113883.4.642.3.178,2.16.840.1.113883.4.642.2.82",RestfulSecurityService,Restful Security Service,"Types of security services used with FHIR.","StructureDefinition/tk-api-instance,StructureDefinition/tk-api-specification-capability","hl7.fhir.r5.core"
http://hl7.org/fhir/ValueSet/search-param-type,5.0.0,active,"2.16.840.1.113883.4.642.3.11",SearchParamType,SearchParamType,"Data types allowed to be used for search parameters.","StructureDefinition/tk-api-instance,StructureDefinition/tk-api-specification-capability","hl7.fhir.r5.core"
http://hl7.org/fhir/ValueSet/security-role-type,5.0.0,draft,"2.16.840.1.113883.4.642.3.978",SecurityRoleType,Security Role Type,"This value set contains example structural roles. In general, two types of roles can be distinguished: structural roles and functional roles. Structural Roles reflect human or organizational categories (hierarchies), and describe prerequisites, feasibilities, or competences for actions. Functional roles are bound to the realization or performance of actions.","StructureDefinition/tk-provenance","hl7.fhir.r5.core"
http://hl7.org/fhir/ValueSet/service-mode,5.0.0,draft,"2.16.840.1.113883.4.642.4.3322",ServiceMode,Service Mode,"An example set of Service Modes that could be applicable to use to characterize HealthcareServices or PractitionerRoles while searching","StructureDefinition/tk-administrator-role","hl7.fhir.r5.core"
http://hl7.org/fhir/ValueSet/system-restful-interaction,5.0.0,active,"2.16.840.1.113883.4.642.3.171,2.16.840.1.113883.4.642.3.181,2.16.840.1.113883.4.642.2.84",SystemRestfulInteraction,System Restful Interaction,"Operations supported by REST at the system level.","StructureDefinition/tk-api-instance,StructureDefinition/tk-api-specification-capability","hl7.fhir.r5.core"
http://hl7.org/fhir/ValueSet/type-restful-interaction,5.0.0,active,"2.16.840.1.113883.4.642.3.180,2.16.840.1.113883.4.642.3.170,2.16.840.1.113883.4.642.2.83",TypeRestfulInteraction,Type Restful Interaction,"Operations supported by REST at the type or instance level.","StructureDefinition/tk-api-instance,StructureDefinition/tk-api-specification-capability","hl7.fhir.r5.core"
http://hl7.org/fhir/ValueSet/version-algorithm,5.0.0,draft,"2.16.840.1.113883.4.642.3.3103",VersionAlgorithm,Version Algorithm,"Indicates the mechanism used to compare versions to determine which is more current.","StructureDefinition/tk-api-instance,StructureDefinition/tk-api-specification-capability","hl7.fhir.r5.core"
http://hl7.org/fhir/ValueSet/versioning-policy,5.0.0,active,"2.16.840.1.113883.4.642.2.89,2.16.840.1.113883.4.642.3.190,2.16.840.1.113883.4.642.3.180",ResourceVersionPolicy,Resource Version Policy,"How the system supports versioning for a resource.","StructureDefinition/tk-api-instance,StructureDefinition/tk-api-specification-capability","hl7.fhir.r5.core"
http://terminology.hl7.org/ValueSet/v3-PurposeOfUse,3.1.0,active,"2.16.840.1.113883.1.11.20448",PurposeOfUse,PurposeOfUse,"Supports communication of purpose of use at a general level.","StructureDefinition/tk-provenance","THO (V3)"
https://fhir.inera.se/ig/tjanstekatalog/ValueSet/tk-administrator-role,0.1.0,draft,,TKAdministratorRoleVS,Administratörsroller,"Tillåtna värden för TKAdministratorRole.code. Exempelbindning (example) i detta utkast — se REQ-ADM-1.","StructureDefinition/tk-administrator-role","Internal"
https://fhir.inera.se/ig/tjanstekatalog/ValueSet/tk-endpoint-security-method,0.1.0,draft,,TKEndpointSecurityMethodVS,Säkerhetsmetoder för tekniska ändpunkter,"Tillåtna värden för Ändpunkt.säkerhetsmetod. Exempelbindning (example) i detta utkast — se REQ-END-6.","StructureDefinition/tk-endpoint-security-method","Internal"
